{
    "epochs": 50,
    "train_accuracy": 0.9166666666666666,
    "test_accuracy": 0.8333333333333334,
    "model": "SGDClassifier (log_loss)"
}