{"mean": [5.841666666666668, 3.0483333333333342, 3.769999999999999, 1.2049999999999987], "scale": [0.837415003978845, 0.44665111913239636, 1.7611359970201048, 0.7594789880788891], "features": ["Sepal Length", "Sepal Width", "Petal Length", "Petal Width"]}